{"_wandb":{"runtime":4471},"_runtime":4471,"_timestamp":1.7770500149057841e+09,"_step":0,"diffusion_loss":0.5893773334591013,"decoder_loss":0.010622819594232833}