{"epoch":700,"_timestamp":1.777420044927225e+09,"_step":699,"_runtime":2263,"_wandb":{"runtime":2263},"diffusion_loss":0.03632887688122297,"diff_lr":2e-05}