{"diffusion_loss":0.053045512650880894,"decoder_loss":0.0013615442167597208,"_timestamp":1.7770687703884926e+09,"_wandb":{"runtime":182},"_runtime":182,"_step":29}