{"smoothness_loss":0.00047384335681103,"_runtime":356,"total_loss":0.2178869940243055,"_timestamp":1.777420649130642e+09,"_wandb":{"runtime":356},"lr":0,"_step":399,"mse_loss":0.21765007234589998,"epoch":400}